sample,layer,pr,pg,pb,pa,sr,sg,sb,sa
0,0,107,107,107,255,255,209,209,255
1,0,107,107,107,255,255,209,209,255
2,1,107,107,107,102,255,209,209,102
3,1,107,107,107,102,255,209,209,102
4,2,120,120,120,255,179,120,120,255
5,2,120,120,120,255,179,120,120,255
6,3,120,120,120,102,179,120,120,102
7,3,120,120,120,102,179,120,120,102
8,4,107,107,107,255,157,79,26,255
9,4,107,107,107,255,157,79,26,255
10,5,107,107,107,102,255,157,52,102
11,5,107,107,107,102,255,157,52,102
12,6,107,107,107,102,157,105,105,102
13,6,107,107,107,102,157,105,105,102
14,7,107,107,107,102,157,105,105,102
15,7,107,107,107,102,157,105,105,102
16,8,107,107,107,102,157,79,26,102
17,8,107,107,107,102,157,79,26,102
18,9,107,107,107,102,157,105,105,102
19,9,107,107,107,102,157,105,105,102
20,10,107,107,107,102,157,105,105,102
21,10,107,107,107,102,157,105,105,102
22,11,107,107,107,102,157,105,105,102
23,11,107,107,107,102,157,105,105,102
24,12,107,107,107,102,157,105,105,102
25,12,107,107,107,102,157,105,105,102
26,13,107,107,107,102,157,105,105,102
27,13,107,107,107,102,157,105,105,102
28,14,107,107,107,102,157,105,105,102
29,14,107,107,107,102,157,105,105,102
30,15,107,107,107,102,157,105,105,102
31,15,107,107,107,102,157,105,105,102
